{
  "test/integration/FirstJourney.js": 1740643305039,
  "test/integration/pages/StoresObjectPage.js": 1740643305035,
  "test/integration/pages/StoresList.js": 1740643305035,
  "test/integration/opaTests.qunit.js": 1740643305027,
  "i18n/i18n.properties": 1740643313203,
  "test/testsuite.qunit.js": 1740643305023,
  "xs-app.json": 1741147867050,
  "manifest.json": 1741147867062,
  "Component.js": 1740643305003,
  "Component-dbg.js": 1740643305003,
  "Component.js.map": 1741147883059,
  "test/integration/pages/StoresList-dbg.js": 1740643305035,
  "test/integration/pages/StoresList.js.map": 1741147883059,
  "test/integration/opaTests.qunit-dbg.js": 1740643305027,
  "test/integration/opaTests.qunit.js.map": 1741147883062,
  "test/integration/FirstJourney-dbg.js": 1740643305039,
  "test/integration/FirstJourney.js.map": 1741147883063,
  "test/testsuite.qunit-dbg.js": 1740643305023,
  "test/testsuite.qunit.js.map": 1741147883062,
  "test/integration/pages/StoresObjectPage-dbg.js": 1740643305035,
  "test/integration/pages/StoresObjectPage.js.map": 1741147883061,
  "Component-preload.js": 1741147883153,
  "Component-preload.js.map": 1741147883153,
  "test/integration/opaTests.qunit.html": 1740643305027,
  "test/testsuite.qunit.html": 1740643305019,
  "test/flpSandbox.html": 1740643305019,
  "index.html": 1740643305003
}